{
  "dataset": "auto",
  "flavor": "absolute-residual",
  "best_params": {
    "width": 64,
    "depth": 2,
    "lr": 0.064183634046716,
    "weight_decay": 0.05651127070750453,
    "dropout": 0.006227543624120854,
    "lr_decay": 0.8833863592586929,
    "batch_size": 8,
    "convex_fraction": 0.17639248004598662
  },
  "cv_best": 6.850173888707855,
  "test_metric": "mse",
  "test_mean": 9.942844838521545,
  "test_std": 0.18405086870741139,
  "n_seeds": 10
}
