{
  "dataset": "auto",
  "flavor": "switch-residual",
  "best_params": {
    "width": 32,
    "depth": 1,
    "lr": 0.08279236576330146,
    "weight_decay": 0.0022959898630166287,
    "dropout": 0.0035005605267155737,
    "lr_decay": 0.9568089322574993,
    "batch_size": 16
  },
  "cv_best": 6.4239522155936255,
  "test_metric": "mse",
  "test_mean": 10.438459852591103,
  "test_std": 0.5536964471587824,
  "n_seeds": 10
}
