{
  "dataset": "auto",
  "flavor": "absolute-plain",
  "best_params": {
    "width": 64,
    "depth": 2,
    "lr": 0.0367269668675182,
    "weight_decay": 0.14269661345702456,
    "dropout": 0.10831494891856375,
    "lr_decay": 0.92242668666675,
    "batch_size": 32,
    "convex_fraction": 0.02643709502263225
  },
  "val_best": 6.369777947693086,
  "test_metric": "mse",
  "test_mean": 10.03384782822036,
  "test_std": 0.6456829621871822,
  "n_seeds": 10,
  "n_selected": 5
}
