{
  "dataset": "auto",
  "flavor": "switch-plain",
  "best_params": {
    "width": 21,
    "depth": 1,
    "lr": 0.058503437995769875,
    "weight_decay": 0.04876273664586736,
    "dropout": 0.14692709357016362,
    "lr_decay": 0.9527207596163255,
    "batch_size": 16
  },
  "cv_best": 7.141734438500718,
  "test_metric": "mse",
  "test_mean": 9.558117116361545,
  "test_std": 0.2511704378508216,
  "n_seeds": 10
}
