{
  "dataset": "auto",
  "flavor": "absolute-plain",
  "best_params": {
    "width": 21,
    "depth": 2,
    "lr": 0.06046480735883004,
    "weight_decay": 0.1791930220711307,
    "dropout": 0.12835647079773935,
    "lr_decay": 0.9220097554552398,
    "batch_size": 8,
    "convex_fraction": 0.38992958492791635
  },
  "cv_best": 7.44608322761334,
  "test_metric": "mse",
  "test_mean": 9.519132365230883,
  "test_std": 0.260089350801179,
  "n_seeds": 10
}
